title,url,snippet,emails_snippet,phones_snippet,emails_page,phones_page,dork
"Quoraquora.com› As-a-small-business-owner-what-kind-of-IT-services-do-you-needAs a small business owner, what kind of IT services do you need? - Quora",https://www.quora.com/As-a-small-business-owner-what-kind-of-IT-services-do-you-need,"Quora quora.com › As-a-small-business-owner-what-kind-of-IT-services-do-you-need As a small business owner, what kind of IT services do you need? - Quora Answer (1 of 4): I’ve provided the IT services for my wife’s business , so I’ll focus on that. Initial setup Which computers should we get so they’d look tidy in each room? Which server would we get that would be both extremely reliable, fast enough and cheap?",,,,"04-1788502134, 1788502134","site:quora.com ""looking for IT services"" OR ""need IT support"" small business"
Quoraquora.com› How-do-small-business-find-IT-support-companiesHow do small business find IT support companies? - Quora,https://www.quora.com/How-do-small-business-find-IT-support-companies,"Quora quora.com › How-do-small-business-find-IT-support-companies How do small business find IT support companies? - Quora Answer (1 of 2): You are a small business owner and you know how important it is to protect your website and all of your network- and web-based tools. According to Verizon's 2018 Data Breach Investigation Report, startups and small businesses target 58 percent of all hack attacks. Unfortunately,...",,,,1788502136,"site:quora.com ""looking for IT services"" OR ""need IT support"" small business"
Quoraquora.com› Where-can-I-find-the-best-tech-support-to-help-me-with-my-small-businessWhere can I find the best tech support to help me with my small business? - Quora,https://www.quora.com/Where-can-I-find-the-best-tech-support-to-help-me-with-my-small-business,"Quora quora.com › Where-can-I-find-the-best-tech-support-to-help-me-with-my-small-business Where can I find the best tech support to help me with my small business? - Quora Answer (1 of 2): It’s a good question. If you know other business people, ask around and see who they like and don’t like. If you don’t know other business people, make a list of the tech stuff you need help with, and look for people that are certified in that stuff.",,,,"8653237, 27-53372, 64654610, 39894618111, 9750847","site:quora.com ""looking for IT services"" OR ""need IT support"" small business"
Quoraquora.com› How-do-I-find-people-who-are-looking-for-any-IT-servicesHow to find people who are looking for any IT services - Quora,https://www.quora.com/How-do-I-find-people-who-are-looking-for-any-IT-services,Quora quora.com › How-do-I-find-people-who-are-looking-for-any-IT-services How to find people who are looking for any IT services - Quora Answer: Look to your local community schools/ adult education classes/ chamber of commerce or other municipal organization that allows and looks for mentors and advisors for startups or other businesses . Attend local community meetings to see what people are asking for and needing . Networking a...,,,,"08019145, 1788502141","site:quora.com ""looking for IT services"" OR ""need IT support"" small business"
Quoraquora.com› How-do-I-get-business-IT-support-for-my-businessHow to get business IT support for my business - Quora,https://www.quora.com/How-do-I-get-business-IT-support-for-my-business,"Quora quora.com › How-do-I-get-business-IT-support-for-my-business How to get business IT support for my business - Quora Answer (1 of 2): Getting business IT Support for any business is easy task. But the thing that really matter is for which location you are looking for Business IT Support and whether you want it from local company or someone else. If i talk about local It support provider in Bedfordshire, Bucking...",,,,"1788502142, 4-1788502142","site:quora.com ""looking for IT services"" OR ""need IT support"" small business"
Quoraquora.com› Which-companies-offer-the-best-IT-support-for-small-businessesWhich companies offer the best IT support for small businesses? - Quora,https://www.quora.com/Which-companies-offer-the-best-IT-support-for-small-businesses,Quora quora.com › Which-companies-offer-the-best-IT-support-for-small-businesses Which companies offer the best IT support for small businesses? - Quora Answer (1 of 2): Network London provides IT support in London for small and medium-sized businesses . They offer a security-focused IT support service and solutions that protect their users while effectively utilizing the full potential of technology to boost productivity. They take a lot of pride...,,,,1788502146,"site:quora.com ""looking for IT services"" OR ""need IT support"" small business"
"Quoraquora.com› What-is-small-business-IT-support-and-why-is-it-importantWhat is small business IT support, and why is it important? - Quora",https://www.quora.com/What-is-small-business-IT-support-and-why-is-it-important,"Quora quora.com › What-is-small-business-IT-support-and-why-is-it-important What is small business IT support, and why is it important? - Quora Answer (1 of 2): Small business IT support refers to the range of services provided to assist small businesses with their information technology needs . This can encompass a wide array of tasks and services , from setting up and maintaining computer systems and networks to providing cybersecurity s...",,,,"1788502149, 0-1788502149","site:quora.com ""looking for IT services"" OR ""need IT support"" small business"
Quoraquora.com› How-can-small-businesses-find-an-IT-consultant-Are-there-any-recommended-websites-or-resources-for-thisHow can small businesses find an IT consultant? Are there any recommended websites or resources for this? - Quora,https://www.quora.com/How-can-small-businesses-find-an-IT-consultant-Are-there-any-recommended-websites-or-resources-for-this,"Quora quora.com › How-can-small-businesses-find-an-IT-consultant-Are-there-any-recommended-websites-or-resources-for-this How can small businesses find an IT consultant? Are there any recommended websites or resources for this? - Quora Answer: First things first, you have to decide on what exactly you are aiming for. Think of the answer to these questions: What will the business relationship with the other party be? What exact services you are looking for from the other party? Will there be remo",,,,"0-1788502152, 1788502152","site:quora.com ""looking for IT services"" OR ""need IT support"" small business"
Quoraquora.com› How-do-I-get-proper-IT-support-for-my-businessHow to get proper IT support for my business - Quora,https://www.quora.com/How-do-I-get-proper-IT-support-for-my-business,"Quora quora.com › How-do-I-get-proper-IT-support-for-my-business How to get proper IT support for my business - Quora Answer: I dont know what kind of support you are specifically seeking. However, with the current cloud-computing age the aim is to minimize the need for a big IT department and in some instances not need any at all. Taking email servers, application hosting, communications systems and data storag...",,,,"1788502155, 4-1788502155","site:quora.com ""looking for IT services"" OR ""need IT support"" small business"
Quoraquora.com› What-are-small-business-computer-support-tips-and-IT-servicesWhat are small business computer support tips and IT services? - Quora,https://www.quora.com/What-are-small-business-computer-support-tips-and-IT-services,"Quora quora.com › What-are-small-business-computer-support-tips-and-IT-services What are small business computer support tips and IT services? - Quora Answer (1 of 2): FIREWALL, VPN, ANTIVIRUS Firewall, Antivirus, and a VPN…You’ve probably heard of these three in every cybersecurity tip blog post you’ve read. Yet, this trio is your backbone to strong defenses when it comes to protecting your data. A firewall keeps your network safe ...",,,,1788502157,"site:quora.com ""looking for IT services"" OR ""need IT support"" small business"
Quoratotalityservices.quora.com› Tips-to-Improve-IT-Support-for-Small-and-Startup-BusinessesTips to Improve IT Support for Small and Startup Businesses - Totality Services - Quora,https://totalityservices.quora.com/Tips-to-Improve-IT-Support-for-Small-and-Startup-Businesses,"Quora totalityservices.quora.com › Tips-to-Improve-IT-Support-for-Small-and-Startup-Businesses Tips to Improve IT Support for Small and Startup Businesses - Totality Services - Quora Small and medium-sized businesses need IT backup and support as much as the established brands. Therefore, irrespective of whether you’re the CEO of a startup or a small business , we recommend you to go through this blogpost. In the following paragraphs we’ll discuss some crucial factors ...",,,,"1788502160, 10-1788502160, 0-1788502160","site:quora.com ""looking for IT services"" OR ""need IT support"" small business"
Quoraquora.com› How-can-I-find-a-local-desktop-level-tech-support-for-my-6-employeesHow to find a local desktop level tech support for my 6 employees - Quora,https://www.quora.com/How-can-I-find-a-local-desktop-level-tech-support-for-my-6-employees,"Quora quora.com › How-can-I-find-a-local-desktop-level-tech-support-for-my-6-employees How to find a local desktop level tech support for my 6 employees - Quora Answer (1 of 3): If practical, using a current employee, if they have the talent, time and aptitude. I have experience hiring (and, sadly, terminating) IT workers. The single quality that I looked for in an interviewee was...well, let's first talk about what I ignored, in case you decide to loo...",,,,1788502164,"site:quora.com ""looking for IT services"" OR ""need IT support"" small business"
Facebookfacebook.com› StartupWiseGuysStartup Wise Guys (@StartupWiseGuys),https://www.facebook.com/StartupWiseGuys/,"Facebook facebook.com › StartupWiseGuys Startup Wise Guys (@StartupWiseGuys) Startup Wise Guys · Global accelerator funds for passionate B2B startup founders! Investing in the bold ones. 🌶 · Page · Entrepreneur · A.Lauteri 3, Tallinn, Estonia · startupwiseguys.com · 100% recommend (24 Reviews)﻿ · See all ...",,,,5022430,"site:facebook.com ""recommend IT company"" OR ""need IT guy"" startup"
Facebookfacebook.com› ickosovo  › posts  › startup-wise-guys-are-in-prishtina-you-can-met-their-representative-razvan-suta-  › 5686959248033996Startup Wise Guys are in #Prishtina. You can met their ...,https://www.facebook.com/ickosovo/posts/startup-wise-guys-are-in-prishtina-you-can-met-their-representative-razvan-suta-/5686959248033996/,"Facebook facebook.com › ickosovo  › posts  › startup-wise-guys-are-in-prishtina-you-can-met-their-representative-razvan-suta-  › 5686959248033996 Startup Wise Guys are in #Prishtina. You can met their ... See posts, photos and more on Facebook",,568695924803399,,5022430,"site:facebook.com ""recommend IT company"" OR ""need IT guy"" startup"
Facebookfacebook.com› ThatStartUpGuyLog in or sign up to view,https://www.facebook.com/ThatStartUpGuy/,"Facebook facebook.com › ThatStartUpGuy Log in or sign up to view See posts, photos and more on Facebook.",,,,5022430,"site:facebook.com ""recommend IT company"" OR ""need IT guy"" startup"
Facebookfacebook.com› startupguys.netStartupGuys.net | Facebook,https://www.facebook.com/startupguys.net/,"Facebook facebook.com › startupguys.net StartupGuys.net | Facebook StartupGuys.net . 57,624 likes. www. StartupGuys.net is a platform aiming to promote entrepreneurship through short informative articles, audio and visual learning content.",,,,5022430,"site:facebook.com ""recommend IT company"" OR ""need IT guy"" startup"
Facebookfacebook.com› itforstartersIT for Starters | Swavesey | Facebook,https://www.facebook.com/itforstarters/,"Facebook facebook.com › itforstarters IT for Starters | Swavesey | Facebook Page · Information Technology Company · Century House, 4 Market Street, Swavesey, United Kingdom · +44 845 070 2226 · info@itforstarters.com · itforstarters.com · Open now · 100% recommend (7 Reviews)﻿ · See all photos · January 17 · · January 17 ·",info@itforstarters.com,+44 845 070 2226,,5022430,"site:facebook.com ""recommend IT company"" OR ""need IT guy"" startup"
Facebookfacebook.com› TheTechGuyITThe Tech Guy It (@TheTechGuyIT),https://www.facebook.com/TheTechGuyIT,Facebook facebook.com › TheTechGuyIT The Tech Guy It (@TheTechGuyIT) The Tech Guy It . 109 likes. At The Tech Guy IT we pride ourselves in putting small to medium businesses online by enabling business processes and online marketing through Technology.,,,,5022430,"site:facebook.com ""recommend IT company"" OR ""need IT guy"" startup"
Facebookfacebook.com› thestartupguysThe Startup Guys (@thestartupguys),https://www.facebook.com/thestartupguys/,"Facebook facebook.com › thestartupguys The Startup Guys (@thestartupguys) The Startup Guys . 358 likes. http://www.thestartupguys.co.uk - Websites, Branding, SEO, Social Media. Why do it yourself? Sit back and relax while we do it for you",,,,5022430,"site:facebook.com ""recommend IT company"" OR ""need IT guy"" startup"
Facebookfacebook.com› StartupRankingStartup Ranking | Facebook,https://www.facebook.com/StartupRanking/,"Facebook facebook.com › StartupRanking Startup Ranking | Facebook Page · Internet company · contact@startupranking.com · startupranking.com · 88% recommend (15 Reviews)﻿ · See all photos · 1d · · Drumroll, please! P… · See more · All reactions:1 ·",contact@startupranking.com,,,5022430,"site:facebook.com ""recommend IT company"" OR ""need IT guy"" startup"
Facebookfacebook.com› fb-answers  › it-outsourcing-companies-in-utahIT Outsourcing Companies in Utah,https://www.facebook.com/fb-answers/it-outsourcing-companies-in-utah/,"Facebook facebook.com › fb-answers  › it-outsourcing-companies-in-utah IT Outsourcing Companies in Utah For IT outsourcing in Utah, Wasatch I.T. serves over 500 companies statewide, while Red One Technologies is a top pick in St. George and Southern Utah. If you need Google-focused support or remote help, Brivy Technologies and HelpCloud are frequently recommended by local business owners.",,,,5022430,"site:facebook.com ""recommend IT company"" OR ""need IT guy"" startup"
Facebookfacebook.com› ThePoorITGuyThe Poor IT Guy | Facebook,https://www.facebook.com/ThePoorITGuy/,Facebook facebook.com › ThePoorITGuy The Poor IT Guy | Facebook The Poor IT Guy · Your Go-To for Experience-Based IT Online Training - Cisco and Fortinet Networking. AD/DNS and Microsoft Entra ID Administration 🚀💻 · Page · Education website · +63 995 678 0857 · lexter@pooritguy.ph · pooritguy.ph ...,lexter@pooritguy.ph,+63 995 678 0857,,5022430,"site:facebook.com ""recommend IT company"" OR ""need IT guy"" startup"
Facebookfacebook.com› myitguyMy IT Guy | Kitchener ON | Facebook,https://www.facebook.com/myitguy/,"Facebook facebook.com › myitguy My IT Guy | Kitchener ON | Facebook My IT Guy, Kitchener . 292 likes · 32 were here. We help SMBs (10-250 staff) to effectively manage their IT services for compliance & best practices.",,,,5022430,"site:facebook.com ""recommend IT company"" OR ""need IT guy"" startup"
Facebookfacebook.com› groups  › NextUpAsia  › posts  › 10159630257036657What's the best approach to finding a tech team for a ...,https://www.facebook.com/groups/NextUpAsia/posts/10159630257036657/,Facebook facebook.com › groups  › NextUpAsia  › posts  › 10159630257036657 What's the best approach to finding a tech team for a ... Popular groups · Find communities for you · Over 1 billion people across the globe are using Facebook Groups to explore their favorite topics · Log in · Categories · Science & tech · Travel · Animals · Sports & fitness · Entertainment,,101596302570366,,5022430,"site:facebook.com ""recommend IT company"" OR ""need IT guy"" startup"
